return_id,shipment_id,return_date,return_reason,refund_amount
RET-00001,SHP-004156,2023-11-21,Customer changed mind,5380.99
RET-00002,SHP-001365,2023-05-21,Customer changed mind,1824.29
RET-00003,SHP-011613,2025-04-19,Late delivery refusal,34197.74
RET-00004,SHP-008168,2024-09-03,Wrong item,3381.65
RET-00005,SHP-013506,2025-09-10,Late delivery refusal,30505.22
RET-00006,SHP-015294,2025-12-27,Quality issue,42299.54
RET-00007,SHP-000671,2023-03-17,Quality issue,620.75
RET-00008,SHP-003560,2023-10-29,Quality issue,1096.82
RET-00009,SHP-000189,2023-01-24,Wrong item,814.64
RET-00010,SHP-002076,2023-06-26,Quality issue,2377.05
RET-00011,SHP-008375,2024-09-16,Quality issue,1408.57
RET-00012,SHP-009727,2024-12-05,Late delivery refusal,30493.08
RET-00013,SHP-004331,2023-11-24,Damaged in transit,1674.42
RET-00014,SHP-010533,2025-01-23,Damaged in transit,964.95
RET-00015,SHP-005546,2024-02-15,Quality issue,651.89
RET-00016,SHP-009747,2024-12-19,Customer changed mind,322.14
RET-00017,SHP-003351,2023-09-30,Quality issue,12236.25
RET-00018,SHP-006988,2024-06-07,Late delivery refusal,6020.17
RET-00019,SHP-002396,2023-07-15,Wrong item,159.83
RET-00020,SHP-015554,2026-01-25,Customer changed mind,1478.95
RET-00021,SHP-013176,2025-08-20,Late delivery refusal,209.87
RET-00022,SHP-015284,2026-01-03,Damaged in transit,906.23
RET-00023,SHP-007784,2024-08-04,Late delivery refusal,382.6
RET-00024,SHP-004336,2023-11-22,Quality issue,83593.79
RET-00025,SHP-011529,2025-04-09,Wrong item,576.05
RET-00026,SHP-016360,2026-04-11,Late delivery refusal,1875.83
RET-00027,SHP-016966,2026-05-03,Quality issue,12729.94
RET-00028,SHP-017136,2026-05-29,Late delivery refusal,13444.28
RET-00029,SHP-003794,2023-10-26,Wrong item,18708.67
RET-00030,SHP-001154,2023-04-29,Quality issue,44998.3
RET-00031,SHP-004745,2023-12-21,Quality issue,2550.4
RET-00032,SHP-005244,2024-01-30,Quality issue,1483.63
RET-00033,SHP-017291,2026-06-03,Customer changed mind,4569.1
RET-00034,SHP-013940,2025-10-11,Late delivery refusal,371.0
RET-00035,SHP-010552,2025-01-20,Customer changed mind,36584.6
RET-00036,SHP-006400,2024-04-15,Wrong item,1438.62
RET-00037,SHP-004005,2023-11-19,Wrong item,329.28
RET-00038,SHP-016419,2026-04-11,Customer changed mind,3028.97
RET-00039,SHP-001180,2023-05-06,Customer changed mind,2023.59
RET-00040,SHP-003103,2023-09-11,Damaged in transit,1523.26
RET-00041,SHP-009377,2024-11-28,Quality issue,2296.15
RET-00042,SHP-014029,2025-11-01,Customer changed mind,548.2
RET-00043,SHP-001405,2023-05-24,Wrong item,15661.09
RET-00044,SHP-008633,2024-10-09,Wrong item,1700.76
RET-00045,SHP-001931,2023-06-16,Late delivery refusal,1390.72
RET-00046,SHP-014324,2025-11-13,Quality issue,3119.7
RET-00047,SHP-015798,2026-01-28,Wrong item,17837.51
RET-00048,SHP-012049,2025-05-23,Late delivery refusal,125849.82
RET-00049,SHP-015557,2026-01-05,Customer changed mind,33115.53
RET-00050,SHP-007659,2024-07-19,Customer changed mind,1589.97
RET-00051,SHP-017123,2026-05-25,Customer changed mind,1575.91
RET-00052,SHP-010197,2024-12-28,Late delivery refusal,500.91
RET-00053,SHP-010843,2025-02-23,Damaged in transit,306.64
RET-00054,SHP-002632,2023-08-02,Damaged in transit,19203.66
RET-00055,SHP-015870,2026-02-04,Late delivery refusal,104668.72
RET-00056,SHP-012035,2025-05-27,Damaged in transit,21513.95
RET-00057,SHP-016376,2026-04-03,Wrong item,2845.44
RET-00058,SHP-014409,2025-11-11,Quality issue,170.67
RET-00059,SHP-011753,2025-05-10,Wrong item,1578.49
RET-00060,SHP-004451,2023-12-04,Customer changed mind,5506.45
RET-00061,SHP-013265,2025-08-31,Damaged in transit,16427.03
RET-00062,SHP-001111,2023-04-21,Damaged in transit,1030.88
RET-00063,SHP-010771,2025-02-18,Customer changed mind,14820.57
RET-00064,SHP-005430,2024-02-06,Late delivery refusal,2792.62
RET-00065,SHP-003572,2023-10-14,Quality issue,1145.01
RET-00066,SHP-002107,2023-07-03,Damaged in transit,5887.99
RET-00067,SHP-007870,2024-08-08,Late delivery refusal,78.72
RET-00068,SHP-014275,2025-11-09,Wrong item,25009.64
RET-00069,SHP-012669,2025-07-15,Damaged in transit,3239.93
RET-00070,SHP-009576,2024-11-28,Quality issue,1166.5
RET-00071,SHP-004997,2023-12-29,Customer changed mind,8770.86
RET-00072,SHP-017867,2026-07-15,Wrong item,1184.74
RET-00073,SHP-001168,2023-04-27,Customer changed mind,3329.28
RET-00074,SHP-008896,2024-10-29,Damaged in transit,1480.92
RET-00075,SHP-008606,2024-09-28,Damaged in transit,1321.96
RET-00076,SHP-003194,2023-09-25,Wrong item,2491.3
RET-00077,SHP-010492,2025-01-20,Quality issue,2946.63
RET-00078,SHP-010966,2025-03-05,Quality issue,199.68
RET-00079,SHP-017486,2026-06-20,Damaged in transit,1068.41
RET-00080,SHP-002060,2023-07-01,Wrong item,5764.95
RET-00081,SHP-017274,2026-05-31,Damaged in transit,1110.11
RET-00082,SHP-005466,2024-02-05,Wrong item,511.2
RET-00083,SHP-005775,2024-03-16,Quality issue,2054.25
RET-00084,SHP-014206,2025-10-27,Late delivery refusal,1082.06
RET-00085,SHP-012497,2025-06-29,Quality issue,1373.19
RET-00086,SHP-014671,2025-12-04,Quality issue,482.71
RET-00087,SHP-009791,2024-12-09,Wrong item,1834.34
RET-00088,SHP-006823,2024-05-31,Damaged in transit,1414.62
RET-00089,SHP-016705,2026-04-15,Late delivery refusal,1371.36
RET-00090,SHP-016854,2026-05-11,Quality issue,1372.26
RET-00091,SHP-011370,2025-04-09,Quality issue,1745.41
RET-00092,SHP-017634,2026-07-01,Wrong item,39255.29
RET-00093,SHP-014573,2025-11-21,Late delivery refusal,4073.22
RET-00094,SHP-000739,2023-03-27,Wrong item,505.09
RET-00095,SHP-007335,2024-06-25,Damaged in transit,1458.08
RET-00096,SHP-015702,2026-01-23,Late delivery refusal,69589.62
RET-00097,SHP-001654,2023-05-30,Wrong item,19846.23
RET-00098,SHP-013150,2025-08-14,Damaged in transit,8931.95
RET-00099,SHP-001028,2023-04-10,Wrong item,2018.35
RET-00100,SHP-017751,2026-07-08,Late delivery refusal,32190.84
RET-00101,SHP-001721,2023-06-06,Damaged in transit,20284.47
RET-00102,SHP-005748,2024-03-01,Wrong item,917.02
RET-00103,SHP-017757,2026-07-11,Wrong item,1125.94
RET-00104,SHP-005819,2024-03-07,Late delivery refusal,922.07
RET-00105,SHP-006938,2024-05-28,Damaged in transit,10482.35
RET-00106,SHP-005044,2024-01-12,Damaged in transit,1402.6
RET-00107,SHP-000672,2023-03-27,Damaged in transit,453.97
RET-00108,SHP-004320,2023-11-25,Wrong item,133.51
RET-00109,SHP-012202,2025-06-01,Damaged in transit,15138.93
RET-00110,SHP-003484,2023-10-12,Customer changed mind,4679.86
RET-00111,SHP-013980,2025-10-23,Wrong item,1630.28
RET-00112,SHP-007711,2024-08-04,Damaged in transit,568.79
RET-00113,SHP-015404,2026-01-01,Quality issue,19214.06
RET-00114,SHP-007234,2024-06-16,Damaged in transit,40196.77
RET-00115,SHP-000294,2023-02-04,Late delivery refusal,1748.05
RET-00116,SHP-000309,2023-02-06,Damaged in transit,2608.81
RET-00117,SHP-003237,2023-09-23,Quality issue,20869.66
RET-00118,SHP-000513,2023-03-03,Damaged in transit,10781.11
RET-00119,SHP-013048,2025-08-16,Damaged in transit,408.1
RET-00120,SHP-015269,2026-01-01,Wrong item,15329.32
RET-00121,SHP-014843,2025-12-07,Customer changed mind,13650.66
RET-00122,SHP-006330,2024-04-12,Late delivery refusal,17354.78
RET-00123,SHP-000569,2023-03-07,Late delivery refusal,6631.66
RET-00124,SHP-009167,2024-11-23,Customer changed mind,6204.46
RET-00125,SHP-012300,2025-06-20,Damaged in transit,1226.8
RET-00126,SHP-008120,2024-08-25,Damaged in transit,1649.68
RET-00127,SHP-018003,2026-07-20,Late delivery refusal,20404.64
RET-00128,SHP-015103,2025-12-24,Damaged in transit,3877.85
RET-00129,SHP-014706,2025-11-29,Quality issue,3533.39
RET-00130,SHP-000508,2023-03-02,Late delivery refusal,452.77
RET-00131,SHP-000492,2023-02-27,Quality issue,401.26
RET-00132,SHP-001139,2023-04-24,Quality issue,6560.08
RET-00133,SHP-006117,2024-04-19,Damaged in transit,3022.5
RET-00134,SHP-005228,2024-01-17,Quality issue,14118.01
RET-00135,SHP-005457,2024-02-09,Wrong item,566.26
RET-00136,SHP-002880,2023-08-24,Wrong item,2656.93
RET-00137,SHP-015485,2026-01-26,Wrong item,1991.06
RET-00138,SHP-013905,2025-10-15,Damaged in transit,1450.91
RET-00139,SHP-017135,2026-05-31,Wrong item,270.69
RET-00140,SHP-013412,2025-09-05,Damaged in transit,38494.79
RET-00141,SHP-009379,2024-11-25,Damaged in transit,5773.85
RET-00142,SHP-011431,2025-04-14,Late delivery refusal,223674.41
RET-00143,SHP-018277,2026-08-12,Customer changed mind,2276.88
RET-00144,SHP-001523,2023-05-25,Quality issue,2221.19
RET-00145,SHP-000922,2023-03-30,Wrong item,59233.89
RET-00146,SHP-009657,2024-12-16,Customer changed mind,572.66
RET-00147,SHP-017954,2026-07-22,Late delivery refusal,19965.92
RET-00148,SHP-014961,2025-12-14,Wrong item,22129.06
RET-00149,SHP-015790,2026-01-29,Quality issue,885.06
RET-00150,SHP-015601,2026-01-25,Damaged in transit,2836.29
RET-00151,SHP-016700,2026-04-22,Wrong item,317.65
RET-00152,SHP-014971,2025-12-17,Late delivery refusal,1649.99
RET-00153,SHP-017464,2026-06-20,Quality issue,691.12
RET-00154,SHP-016708,2026-04-18,Late delivery refusal,727.58
RET-00155,SHP-007412,2024-06-29,Wrong item,1944.99
RET-00156,SHP-000640,2023-03-18,Late delivery refusal,1825.8
RET-00157,SHP-006577,2024-05-06,Quality issue,37928.01
RET-00158,SHP-005617,2024-02-26,Late delivery refusal,250.12
RET-00159,SHP-013405,2025-09-05,Damaged in transit,980.57
RET-00160,SHP-018112,2026-08-09,Quality issue,806.84
RET-00161,SHP-002443,2023-07-26,Damaged in transit,9342.2
RET-00162,SHP-004547,2023-12-07,Customer changed mind,597.63
RET-00163,SHP-015212,2025-12-29,Wrong item,2471.51
RET-00164,SHP-003717,2023-10-25,Damaged in transit,1058.22
RET-00165,SHP-014155,2025-10-30,Quality issue,1319.49
RET-00166,SHP-002395,2023-07-17,Late delivery refusal,771.67
RET-00167,SHP-007232,2024-06-17,Customer changed mind,4692.82
RET-00168,SHP-000843,2023-04-08,Customer changed mind,1781.43
RET-00169,SHP-001038,2023-04-14,Customer changed mind,14152.2
RET-00170,SHP-017144,2026-06-04,Customer changed mind,1996.35
RET-00171,SHP-008309,2024-09-12,Quality issue,10292.25
RET-00172,SHP-003423,2023-09-25,Late delivery refusal,7622.21
RET-00173,SHP-009631,2024-12-10,Customer changed mind,126.07
RET-00174,SHP-014881,2025-12-08,Quality issue,854.67
RET-00175,SHP-008665,2024-10-14,Damaged in transit,39977.33
RET-00176,SHP-017909,2026-07-17,Damaged in transit,485.0
RET-00177,SHP-016660,2026-04-19,Damaged in transit,1161.74
RET-00178,SHP-009816,2025-01-08,Customer changed mind,4649.76
RET-00179,SHP-015835,2026-02-06,Damaged in transit,415.66
RET-00180,SHP-006305,2024-04-12,Damaged in transit,1537.52
RET-00181,SHP-006200,2024-03-28,Late delivery refusal,6058.43
RET-00182,SHP-010620,2025-01-24,Wrong item,58307.14
RET-00183,SHP-004428,2023-12-05,Customer changed mind,8075.53
RET-00184,SHP-005093,2024-01-11,Wrong item,28270.58
RET-00185,SHP-010438,2025-01-21,Late delivery refusal,13767.74
RET-00186,SHP-010261,2025-01-04,Customer changed mind,20863.68
RET-00187,SHP-000783,2023-03-26,Late delivery refusal,305.38
RET-00188,SHP-000527,2023-03-02,Damaged in transit,157.66
RET-00189,SHP-015726,2026-02-13,Customer changed mind,1161.03
RET-00190,SHP-013737,2025-10-03,Wrong item,22725.06
RET-00191,SHP-009680,2024-12-15,Late delivery refusal,96854.27
RET-00192,SHP-006763,2024-05-23,Late delivery refusal,411.44
RET-00193,SHP-007251,2024-06-25,Customer changed mind,241.32
RET-00194,SHP-005304,2024-01-28,Quality issue,298.36
RET-00195,SHP-016096,2026-02-22,Wrong item,15185.63
RET-00196,SHP-000993,2023-04-13,Quality issue,820.54
RET-00197,SHP-007314,2024-06-30,Customer changed mind,256.36
RET-00198,SHP-015227,2026-01-02,Customer changed mind,877.74
RET-00199,SHP-008553,2024-09-28,Customer changed mind,2590.89
RET-00200,SHP-007548,2024-07-26,Customer changed mind,2613.93
RET-00201,SHP-001762,2023-06-07,Damaged in transit,350.76
RET-00202,SHP-015900,2026-02-15,Damaged in transit,892.43
RET-00203,SHP-015280,2026-01-02,Damaged in transit,18740.48
RET-00204,SHP-016110,2026-03-01,Customer changed mind,41818.65
RET-00205,SHP-012875,2025-07-20,Customer changed mind,28287.0
RET-00206,SHP-014628,2025-12-07,Customer changed mind,20115.45
RET-00207,SHP-015538,2026-01-14,Wrong item,1369.34
RET-00208,SHP-000732,2023-04-01,Late delivery refusal,1564.3
RET-00209,SHP-000062,2023-01-18,Wrong item,1018.4
RET-00210,SHP-017462,2026-06-14,Wrong item,614.06
RET-00211,SHP-015152,2025-12-17,Customer changed mind,5014.2
RET-00212,SHP-017551,2026-06-24,Late delivery refusal,1172.87
RET-00213,SHP-003224,2023-09-26,Quality issue,218643.84
RET-00214,SHP-002679,2023-08-12,Quality issue,2767.41
RET-00215,SHP-003577,2023-10-08,Quality issue,11321.48
RET-00216,SHP-012309,2025-06-08,Damaged in transit,10397.55
RET-00217,SHP-003463,2023-10-16,Damaged in transit,336.87
RET-00218,SHP-016723,2026-04-16,Damaged in transit,62.48
RET-00219,SHP-003440,2023-09-30,Wrong item,1085.37
RET-00220,SHP-007984,2024-08-21,Late delivery refusal,18062.8
RET-00221,SHP-003652,2023-11-04,Customer changed mind,1005.56
RET-00222,SHP-014043,2025-10-28,Wrong item,20854.66
RET-00223,SHP-015503,2026-01-03,Damaged in transit,507.61
RET-00224,SHP-010137,2024-12-29,Damaged in transit,742.64
RET-00225,SHP-015326,2026-01-02,Customer changed mind,853.97
RET-00226,SHP-016137,2026-02-22,Late delivery refusal,26649.42
RET-00227,SHP-015445,2025-12-31,Quality issue,3128.62
RET-00228,SHP-004778,2023-12-17,Damaged in transit,14853.62
RET-00229,SHP-017990,2026-07-22,Late delivery refusal,322.59
RET-00230,SHP-011263,2025-03-23,Customer changed mind,24799.17
RET-00231,SHP-008849,2024-10-24,Quality issue,7672.32
RET-00232,SHP-007001,2024-06-18,Damaged in transit,618.74
RET-00233,SHP-017281,2026-06-06,Customer changed mind,6084.43
RET-00234,SHP-005076,2024-01-24,Damaged in transit,1581.3
RET-00235,SHP-010201,2024-12-29,Quality issue,881.64
RET-00236,SHP-002049,2023-06-18,Damaged in transit,165.56
RET-00237,SHP-006680,2024-05-13,Late delivery refusal,5967.64
RET-00238,SHP-004183,2023-12-01,Quality issue,895.02
RET-00239,SHP-011692,2025-05-05,Wrong item,1072.64
RET-00240,SHP-010665,2025-02-01,Late delivery refusal,28785.05
RET-00241,SHP-007459,2024-06-30,Wrong item,43268.77
RET-00242,SHP-015134,2025-12-25,Damaged in transit,3575.0
RET-00243,SHP-012771,2025-07-31,Quality issue,765.52
RET-00244,SHP-003393,2023-10-05,Damaged in transit,21817.75
RET-00245,SHP-006413,2024-04-20,Quality issue,10947.69
RET-00246,SHP-001953,2023-06-24,Wrong item,3827.13
RET-00247,SHP-003970,2023-11-06,Late delivery refusal,26864.51
RET-00248,SHP-012884,2025-08-06,Late delivery refusal,741.13
RET-00249,SHP-009143,2024-12-06,Damaged in transit,1988.75
RET-00250,SHP-001892,2023-06-27,Wrong item,834.1
RET-00251,SHP-013772,2025-10-28,Wrong item,506.42
RET-00252,SHP-010643,2025-02-03,Late delivery refusal,454.77
RET-00253,SHP-015004,2025-12-21,Customer changed mind,1038.06
RET-00254,SHP-013890,2025-10-10,Damaged in transit,898.43
RET-00255,SHP-008607,2024-10-01,Late delivery refusal,4329.64
RET-00256,SHP-006237,2024-04-06,Late delivery refusal,1198.67
RET-00257,SHP-004201,2023-11-15,Late delivery refusal,679.87
RET-00258,SHP-013901,2025-10-18,Customer changed mind,10937.56
RET-00259,SHP-015462,2026-01-04,Quality issue,2972.93
RET-00260,SHP-017542,2026-07-05,Wrong item,5371.62
RET-00261,SHP-010700,2025-02-08,Quality issue,5653.1
RET-00262,SHP-013652,2025-09-20,Late delivery refusal,256.82
RET-00263,SHP-017815,2026-07-14,Wrong item,817.18
RET-00264,SHP-016749,2026-04-20,Damaged in transit,1632.26
RET-00265,SHP-004538,2023-12-25,Wrong item,1072.76
RET-00266,SHP-017466,2026-06-21,Wrong item,48263.48
RET-00267,SHP-004971,2024-01-09,Damaged in transit,775.69
RET-00268,SHP-007279,2024-06-22,Quality issue,1712.4
RET-00269,SHP-002806,2023-08-14,Customer changed mind,180801.84
RET-00270,SHP-008372,2024-09-09,Customer changed mind,575.92
RET-00271,SHP-011871,2025-05-28,Wrong item,644.54
RET-00272,SHP-000288,2023-02-07,Wrong item,27139.83
RET-00273,SHP-011950,2025-05-26,Quality issue,365.82
RET-00274,SHP-011205,2025-03-26,Wrong item,308562.21
RET-00275,SHP-015664,2026-01-24,Wrong item,31298.06
RET-00276,SHP-013957,2025-10-15,Quality issue,1305.55
RET-00277,SHP-017520,2026-07-03,Wrong item,3679.12
RET-00278,SHP-005827,2024-03-20,Wrong item,679.07
RET-00279,SHP-002242,2023-07-12,Quality issue,901.84
RET-00280,SHP-012476,2025-07-14,Late delivery refusal,1134.48
RET-00281,SHP-002510,2023-07-23,Quality issue,4379.94
RET-00282,SHP-017487,2026-06-22,Customer changed mind,1575.75
RET-00283,SHP-015879,2026-01-29,Customer changed mind,32330.05
RET-00284,SHP-012754,2025-07-15,Customer changed mind,10921.14
RET-00285,SHP-010486,2025-01-25,Late delivery refusal,831.33
RET-00286,SHP-004906,2023-12-20,Damaged in transit,276.69
RET-00287,SHP-013171,2025-08-21,Quality issue,459.34
RET-00288,SHP-000921,2023-05-03,Quality issue,1435.66
RET-00289,SHP-016775,2026-04-26,Quality issue,338.4
RET-00290,SHP-017964,2026-07-21,Wrong item,37656.49
RET-00291,SHP-004520,2023-12-15,Wrong item,8949.84
RET-00292,SHP-002368,2023-07-21,Customer changed mind,8462.48
RET-00293,SHP-009243,2024-11-20,Damaged in transit,2645.34
RET-00294,SHP-006054,2024-03-27,Wrong item,3936.66
RET-00295,SHP-018408,2026-08-19,Late delivery refusal,371.18
RET-00296,SHP-008282,2024-09-05,Wrong item,34924.11
RET-00297,SHP-011622,2025-04-18,Damaged in transit,82.21
RET-00298,SHP-005693,2024-02-18,Quality issue,2099.49
RET-00299,SHP-002459,2023-07-24,Quality issue,6855.13
RET-00300,SHP-001858,2023-06-16,Customer changed mind,2366.05
RET-00301,SHP-017075,2026-05-20,Customer changed mind,1636.12
RET-00302,SHP-016761,2026-04-25,Late delivery refusal,9940.66
RET-00303,SHP-005920,2024-03-13,Wrong item,26397.07
RET-00304,SHP-001052,2023-04-20,Customer changed mind,2620.66
RET-00305,SHP-003844,2023-11-13,Quality issue,863.98
RET-00306,SHP-014496,2025-11-17,Customer changed mind,825.51
RET-00307,SHP-014119,2025-10-25,Late delivery refusal,2955.91
RET-00308,SHP-017981,2026-07-25,Customer changed mind,1808.31
RET-00309,SHP-010648,2025-01-23,Quality issue,558.67
RET-00310,SHP-007396,2024-07-07,Damaged in transit,587.04
RET-00311,SHP-005525,2024-02-12,Wrong item,6151.92
RET-00312,SHP-018386,2026-08-31,Quality issue,387.68
RET-00313,SHP-009182,2024-11-25,Quality issue,482.78
RET-00314,SHP-002486,2023-07-21,Damaged in transit,1100.9
RET-00315,SHP-014246,2025-10-28,Customer changed mind,223.44
RET-00316,SHP-003533,2023-10-03,Customer changed mind,13541.75
RET-00317,SHP-015358,2025-12-24,Wrong item,71709.79
RET-00318,SHP-001831,2023-06-24,Late delivery refusal,1426.61
RET-00319,SHP-011465,2025-04-06,Late delivery refusal,48275.42
RET-00320,SHP-013937,2025-10-21,Wrong item,38149.63
RET-00321,SHP-000782,2023-03-24,Late delivery refusal,6999.85
RET-00322,SHP-009586,2024-11-26,Customer changed mind,451.75
RET-00323,SHP-003857,2023-11-05,Damaged in transit,10247.54
RET-00324,SHP-004965,2024-01-06,Late delivery refusal,5262.59
RET-00325,SHP-017880,2026-07-20,Quality issue,6114.92
RET-00326,SHP-010045,2024-12-24,Damaged in transit,18361.17
RET-00327,SHP-007954,2024-08-10,Damaged in transit,2107.61
RET-00328,SHP-010545,2025-01-26,Quality issue,1037.8
RET-00329,SHP-010662,2025-01-30,Wrong item,8983.26
RET-00330,SHP-004680,2023-12-17,Wrong item,1382.11
RET-00331,SHP-013938,2025-10-16,Quality issue,3631.46
RET-00332,SHP-010034,2024-12-28,Quality issue,461.67
RET-00333,SHP-004652,2023-12-22,Damaged in transit,934.01
RET-00334,SHP-002653,2023-08-10,Late delivery refusal,4982.73
RET-00335,SHP-010108,2025-01-08,Wrong item,459.16
RET-00336,SHP-006104,2024-03-27,Quality issue,174.23
RET-00337,SHP-017952,2026-07-24,Late delivery refusal,6408.98
RET-00338,SHP-002048,2023-06-22,Wrong item,2378.2
RET-00339,SHP-012725,2025-07-15,Damaged in transit,314.66
RET-00340,SHP-003127,2023-09-15,Quality issue,7299.76
RET-00341,SHP-008280,2024-09-03,Quality issue,1487.23
RET-00342,SHP-013624,2025-09-30,Quality issue,20181.79
RET-00343,SHP-001926,2023-06-14,Late delivery refusal,423.33
RET-00344,SHP-002739,2023-08-19,Customer changed mind,16633.28
RET-00345,SHP-006657,2024-05-05,Damaged in transit,2323.38
RET-00346,SHP-014652,2025-12-05,Wrong item,8621.73
RET-00347,SHP-007958,2024-08-09,Damaged in transit,128.31
RET-00348,SHP-016063,2026-02-18,Wrong item,1069.23
RET-00349,SHP-000020,2023-01-14,Wrong item,958.24
RET-00350,SHP-011581,2025-04-24,Damaged in transit,2894.04
RET-00351,SHP-001247,2023-05-12,Wrong item,242.46
RET-00352,SHP-007940,2024-08-07,Quality issue,3543.25
RET-00353,SHP-010778,2025-02-06,Wrong item,12073.39
RET-00354,SHP-006073,2024-03-24,Wrong item,685.63
RET-00355,SHP-012177,2025-06-20,Wrong item,2588.43
RET-00356,SHP-004166,2023-11-19,Quality issue,5302.89
RET-00357,SHP-018060,2026-08-14,Quality issue,803.46
RET-00358,SHP-006030,2024-04-04,Wrong item,1485.08
RET-00359,SHP-018197,2026-08-12,Wrong item,14539.35
RET-00360,SHP-000039,2023-01-12,Wrong item,1365.91
RET-00361,SHP-009587,2024-12-10,Wrong item,814.46
RET-00362,SHP-017378,2026-06-13,Wrong item,2239.83
RET-00363,SHP-004942,2023-12-25,Wrong item,9797.73
RET-00364,SHP-000109,2023-01-26,Customer changed mind,792.68
RET-00365,SHP-012370,2025-06-30,Damaged in transit,371.57
RET-00366,SHP-014099,2025-11-11,Customer changed mind,2239.34
RET-00367,SHP-003544,2023-10-07,Quality issue,21687.69
RET-00368,SHP-000179,2023-02-01,Wrong item,2642.74
RET-00369,SHP-002422,2023-07-26,Damaged in transit,4068.7
RET-00370,SHP-000131,2023-01-21,Damaged in transit,1844.45
RET-00371,SHP-001118,2023-04-24,Quality issue,11025.79
RET-00372,SHP-011921,2025-05-09,Damaged in transit,3261.56
RET-00373,SHP-006514,2024-04-23,Customer changed mind,1988.94
RET-00374,SHP-003439,2023-10-06,Wrong item,12044.84
RET-00375,SHP-007588,2024-07-25,Damaged in transit,699.76
RET-00376,SHP-004000,2023-11-08,Late delivery refusal,24720.45
RET-00377,SHP-008056,2024-08-24,Late delivery refusal,1785.56
RET-00378,SHP-009029,2024-11-04,Wrong item,13595.41
RET-00379,SHP-014710,2025-12-07,Wrong item,1333.87
RET-00380,SHP-016298,2026-03-12,Customer changed mind,1383.33
RET-00381,SHP-010743,2025-02-09,Damaged in transit,1139.13
RET-00382,SHP-003024,2023-09-06,Quality issue,127.93
RET-00383,SHP-005167,2024-01-18,Late delivery refusal,17324.33
RET-00384,SHP-017975,2026-07-14,Customer changed mind,147.33
RET-00385,SHP-001482,2023-05-15,Damaged in transit,98738.14
RET-00386,SHP-009873,2024-12-14,Damaged in transit,3924.2
RET-00387,SHP-008715,2024-10-24,Wrong item,1625.45
RET-00388,SHP-005784,2024-03-07,Customer changed mind,2868.6
RET-00389,SHP-001634,2023-06-01,Late delivery refusal,881.03
RET-00390,SHP-001426,2023-05-18,Customer changed mind,4109.79
RET-00391,SHP-013359,2025-09-11,Wrong item,84.84
RET-00392,SHP-010853,2025-02-28,Late delivery refusal,462.51
RET-00393,SHP-012162,2025-05-29,Late delivery refusal,298.53
RET-00394,SHP-014428,2025-11-15,Customer changed mind,283.01
RET-00395,SHP-004228,2023-11-24,Late delivery refusal,20473.17
RET-00396,SHP-011108,2025-03-11,Quality issue,785.17
RET-00397,SHP-006218,2024-04-23,Wrong item,810.1
RET-00398,SHP-000367,2023-02-09,Customer changed mind,5389.31
RET-00399,SHP-013411,2025-09-05,Customer changed mind,7262.78
RET-00400,SHP-016039,2026-02-15,Wrong item,42647.36
RET-00401,SHP-004875,2023-12-29,Damaged in transit,404.88
RET-00402,SHP-014818,2025-12-12,Quality issue,1104.18
RET-00403,SHP-002905,2023-08-21,Damaged in transit,97324.58
RET-00404,SHP-014336,2025-11-22,Customer changed mind,414.47
RET-00405,SHP-014770,2025-12-05,Customer changed mind,12302.53
RET-00406,SHP-010965,2025-03-04,Quality issue,1394.61
RET-00407,SHP-015455,2026-01-08,Wrong item,8340.5
RET-00408,SHP-005226,2024-01-19,Wrong item,2519.82
RET-00409,SHP-005382,2024-02-13,Customer changed mind,2737.19
RET-00410,SHP-007426,2024-06-26,Quality issue,1188.13
RET-00411,SHP-016481,2026-03-24,Quality issue,13717.71
RET-00412,SHP-004596,2023-12-28,Damaged in transit,598.52
RET-00413,SHP-005776,2024-03-01,Late delivery refusal,419.67
RET-00414,SHP-009979,2024-12-22,Customer changed mind,5937.59
RET-00415,SHP-013833,2025-10-11,Customer changed mind,99163.41
RET-00416,SHP-002553,2023-07-27,Quality issue,484.96
RET-00417,SHP-012572,2025-07-04,Wrong item,3970.05
RET-00418,SHP-010972,2025-03-11,Damaged in transit,2715.53
RET-00419,SHP-013079,2025-08-06,Customer changed mind,2229.85
RET-00420,SHP-006630,2024-05-13,Late delivery refusal,2237.14
RET-00421,SHP-013410,2025-09-10,Quality issue,1413.4
RET-00422,SHP-013392,2025-09-15,Customer changed mind,6381.18
RET-00423,SHP-007309,2024-06-27,Late delivery refusal,383.08
RET-00424,SHP-007974,2024-08-07,Quality issue,957.03
RET-00425,SHP-015738,2026-01-30,Wrong item,28807.94
RET-00426,SHP-002442,2023-08-07,Quality issue,1333.76
RET-00427,SHP-008959,2024-10-28,Customer changed mind,1116.66
RET-00428,SHP-003029,2023-09-03,Damaged in transit,1948.23
RET-00429,SHP-006344,2024-05-04,Damaged in transit,585.26
RET-00430,SHP-006050,2024-03-15,Damaged in transit,747.11
RET-00431,SHP-000204,2023-02-04,Customer changed mind,818.19
RET-00432,SHP-013858,2025-10-06,Late delivery refusal,27722.14
RET-00433,SHP-000505,2023-03-22,Customer changed mind,472.62
RET-00434,SHP-011083,2025-03-11,Customer changed mind,844.56
RET-00435,SHP-014722,2025-12-08,Wrong item,11954.29
RET-00436,SHP-005008,2024-01-12,Quality issue,512.58
RET-00437,SHP-000229,2023-02-04,Damaged in transit,16543.37
RET-00438,SHP-006460,2024-04-26,Customer changed mind,7656.48
RET-00439,SHP-004347,2023-11-30,Damaged in transit,142084.65
RET-00440,SHP-002922,2023-08-29,Quality issue,21938.79
RET-00441,SHP-003522,2023-10-08,Quality issue,65242.39
RET-00442,SHP-015763,2026-01-28,Damaged in transit,719.69
RET-00443,SHP-016206,2026-03-10,Wrong item,950.47
RET-00444,SHP-011913,2025-05-13,Late delivery refusal,3095.28
RET-00445,SHP-009152,2024-11-02,Wrong item,110525.51
RET-00446,SHP-002520,2023-08-02,Damaged in transit,18101.25
RET-00447,SHP-008982,2024-11-03,Late delivery refusal,2260.25
RET-00448,SHP-008501,2024-10-04,Customer changed mind,1251.02
RET-00449,SHP-016652,2026-04-15,Customer changed mind,14489.44
RET-00450,SHP-016460,2026-04-12,Customer changed mind,763.44
RET-00451,SHP-008407,2024-09-20,Wrong item,8653.34
RET-00452,SHP-014654,2025-12-02,Customer changed mind,44395.37
RET-00453,SHP-015438,2026-01-22,Customer changed mind,1616.95
RET-00454,SHP-007154,2024-06-09,Late delivery refusal,7133.0
RET-00455,SHP-010833,2025-02-28,Wrong item,481.44
RET-00456,SHP-009362,2024-11-18,Damaged in transit,28323.63
RET-00457,SHP-018611,2026-10-12,Late delivery refusal,1836.75
RET-00458,SHP-001356,2023-05-11,Damaged in transit,52265.55
RET-00459,SHP-004558,2023-12-13,Quality issue,670.49
RET-00460,SHP-004524,2023-12-04,Damaged in transit,1149.63
RET-00461,SHP-004222,2023-11-15,Wrong item,227344.06
RET-00462,SHP-018128,2026-08-05,Late delivery refusal,23720.0
RET-00463,SHP-013091,2025-08-15,Customer changed mind,118380.66
RET-00464,SHP-015968,2026-02-11,Damaged in transit,78057.56
RET-00465,SHP-011725,2025-04-26,Damaged in transit,5269.3
RET-00466,SHP-003010,2023-09-08,Wrong item,326.03
RET-00467,SHP-017899,2026-07-12,Damaged in transit,29139.01
RET-00468,SHP-000477,2023-02-28,Wrong item,72773.5
RET-00469,SHP-014704,2025-12-02,Late delivery refusal,501.95
RET-00470,SHP-013296,2025-08-28,Late delivery refusal,112698.97
RET-00471,SHP-004578,2023-12-06,Damaged in transit,10540.7
RET-00472,SHP-000891,2023-03-30,Customer changed mind,862.03
RET-00473,SHP-015642,2026-01-27,Damaged in transit,312.25
RET-00474,SHP-006851,2024-05-25,Damaged in transit,1952.56
RET-00475,SHP-003733,2023-11-12,Customer changed mind,115.6
RET-00476,SHP-016800,2026-04-19,Customer changed mind,863.8
RET-00477,SHP-011598,2025-04-27,Damaged in transit,1674.04
RET-00478,SHP-008871,2024-10-17,Late delivery refusal,399.95
RET-00479,SHP-008074,2024-08-21,Quality issue,321.35
RET-00480,SHP-000609,2023-03-04,Quality issue,4054.25
RET-00481,SHP-015126,2025-12-18,Quality issue,62025.99
RET-00482,SHP-001601,2023-05-26,Customer changed mind,1216.65
RET-00483,SHP-000537,2023-03-03,Quality issue,258.01
RET-00484,SHP-001789,2023-06-05,Late delivery refusal,2368.18
RET-00485,SHP-010351,2025-01-14,Wrong item,56443.25
RET-00486,SHP-011423,2025-04-08,Late delivery refusal,3463.55
RET-00487,SHP-011854,2025-05-08,Late delivery refusal,5396.53
RET-00488,SHP-006144,2024-04-04,Customer changed mind,13953.79
RET-00489,SHP-007473,2024-07-13,Wrong item,1663.92
RET-00490,SHP-005887,2024-03-11,Late delivery refusal,494.65
RET-00491,SHP-006841,2024-05-28,Customer changed mind,4796.12
RET-00492,SHP-017543,2026-06-25,Late delivery refusal,4104.05
RET-00493,SHP-017937,2026-07-26,Quality issue,7675.53
RET-00494,SHP-018265,2026-08-17,Damaged in transit,1552.94
RET-00495,SHP-002505,2023-08-06,Damaged in transit,14762.87
RET-00496,SHP-003166,2023-09-20,Customer changed mind,1806.89
RET-00497,SHP-017631,2026-06-22,Customer changed mind,1838.19
RET-00498,SHP-006673,2024-05-08,Damaged in transit,42083.1
RET-00499,SHP-004340,2023-11-28,Late delivery refusal,298.62
RET-00500,SHP-008370,2024-09-20,Late delivery refusal,901.23
RET-00501,SHP-001094,2023-04-11,Damaged in transit,1470.95
RET-00502,SHP-007505,2024-07-08,Late delivery refusal,1149.19
RET-00503,SHP-017856,2026-07-19,Wrong item,23295.38
RET-00504,SHP-017179,2026-05-24,Wrong item,8421.79
RET-00505,SHP-010613,2025-01-24,Quality issue,3805.9
RET-00506,SHP-009356,2024-11-17,Late delivery refusal,7866.99
RET-00507,SHP-002015,2023-06-17,Customer changed mind,17879.08
RET-00508,SHP-014309,2025-11-13,Damaged in transit,45655.67
RET-00509,SHP-018044,2026-07-30,Late delivery refusal,18231.18
RET-00510,SHP-004947,2024-01-05,Wrong item,1259.4
RET-00511,SHP-002414,2023-07-14,Quality issue,2358.28
RET-00512,SHP-006214,2024-04-06,Customer changed mind,914.47
RET-00513,SHP-000399,2023-02-15,Quality issue,496.94
RET-00514,SHP-007329,2024-06-28,Customer changed mind,1813.87
RET-00515,SHP-012247,2025-06-23,Damaged in transit,624.82
RET-00516,SHP-013969,2025-10-14,Wrong item,985.2
RET-00517,SHP-008733,2024-10-07,Wrong item,31827.93
RET-00518,SHP-002145,2023-07-03,Damaged in transit,1067.72
RET-00519,SHP-007599,2024-07-12,Quality issue,208.89
RET-00520,SHP-007941,2024-08-06,Wrong item,26879.0
RET-00521,SHP-015287,2025-12-25,Quality issue,456.06
RET-00522,SHP-008714,2024-10-04,Wrong item,2475.91
RET-00523,SHP-004257,2023-11-27,Quality issue,6971.53
RET-00524,SHP-010690,2025-01-28,Quality issue,430.08
RET-00525,SHP-018079,2026-07-30,Wrong item,4944.96
RET-00526,SHP-007721,2024-07-29,Quality issue,2691.61
RET-00527,SHP-006206,2024-04-03,Damaged in transit,805.77
RET-00528,SHP-005337,2024-01-29,Late delivery refusal,1868.92
RET-00529,SHP-001867,2023-06-07,Late delivery refusal,22924.29
RET-00530,SHP-016421,2026-03-20,Damaged in transit,53946.64
RET-00531,SHP-009531,2024-12-15,Late delivery refusal,2434.37
RET-00532,SHP-014877,2025-12-16,Late delivery refusal,40636.32
RET-00533,SHP-017527,2026-06-28,Quality issue,1555.08
RET-00534,SHP-000271,2023-01-30,Customer changed mind,2063.41
RET-00535,SHP-008461,2024-10-04,Late delivery refusal,1723.9
RET-00536,SHP-016959,2026-05-09,Quality issue,2353.38
RET-00537,SHP-017773,2026-07-09,Quality issue,14808.76
RET-00538,SHP-002812,2023-08-25,Wrong item,14755.27
RET-00539,SHP-007647,2024-07-15,Damaged in transit,621.77
RET-00540,SHP-009950,2025-01-03,Quality issue,612.07
RET-00541,SHP-014364,2025-11-09,Quality issue,7219.74
RET-00542,SHP-017549,2026-07-03,Customer changed mind,932.94
RET-00543,SHP-014339,2025-11-12,Quality issue,46963.0
RET-00544,SHP-006405,2024-04-25,Late delivery refusal,39045.41
RET-00545,SHP-007620,2024-07-18,Wrong item,1000.94
RET-00546,SHP-011353,2025-04-06,Quality issue,19217.05
RET-00547,SHP-009508,2024-12-02,Wrong item,50490.8
RET-00548,SHP-012878,2025-07-19,Damaged in transit,624.31
RET-00549,SHP-010384,2025-01-08,Customer changed mind,1263.61
RET-00550,SHP-017629,2026-07-24,Customer changed mind,6832.76
RET-00551,SHP-015785,2026-01-29,Damaged in transit,7761.49
RET-00552,SHP-011936,2025-06-02,Wrong item,1032.41
RET-00553,SHP-001368,2023-05-13,Damaged in transit,385.04
RET-00554,SHP-003128,2023-09-13,Late delivery refusal,1686.55
RET-00555,SHP-005365,2024-01-23,Quality issue,510.89
RET-00556,SHP-010698,2025-02-06,Damaged in transit,6472.96
RET-00557,SHP-009732,2024-12-16,Customer changed mind,1779.14
RET-00558,SHP-009694,2024-12-06,Wrong item,15674.5
RET-00559,SHP-011445,2025-04-07,Wrong item,28066.75
RET-00560,SHP-015743,2026-01-24,Wrong item,37738.91
RET-00561,SHP-002600,2023-08-05,Damaged in transit,732.61
RET-00562,SHP-011715,2025-05-09,Customer changed mind,660.72
RET-00563,SHP-014413,2025-11-20,Customer changed mind,1637.89
RET-00564,SHP-015172,2025-12-29,Damaged in transit,67227.3
RET-00565,SHP-012628,2025-07-13,Quality issue,6104.73
RET-00566,SHP-008922,2024-11-02,Late delivery refusal,1664.34
RET-00567,SHP-017932,2026-07-16,Quality issue,3459.49
RET-00568,SHP-014890,2025-12-05,Customer changed mind,80264.06
RET-00569,SHP-006714,2024-05-15,Customer changed mind,403.95
RET-00570,SHP-012224,2025-06-02,Damaged in transit,16967.24
RET-00571,SHP-010768,2025-02-08,Damaged in transit,46740.19
RET-00572,SHP-013514,2025-09-19,Quality issue,8349.55
RET-00573,SHP-003926,2023-11-13,Wrong item,649.46
RET-00574,SHP-007703,2024-08-06,Customer changed mind,294.23
RET-00575,SHP-018417,2026-08-17,Damaged in transit,34932.33
RET-00576,SHP-005006,2024-01-18,Wrong item,506.89
RET-00577,SHP-005963,2024-03-18,Customer changed mind,1428.15
RET-00578,SHP-017949,2026-07-26,Quality issue,1912.42
RET-00579,SHP-001468,2023-05-07,Customer changed mind,1226.57
RET-00580,SHP-014096,2025-10-21,Quality issue,3536.95
RET-00581,SHP-002637,2023-08-10,Customer changed mind,60030.8
RET-00582,SHP-013147,2025-08-11,Late delivery refusal,373.49
RET-00583,SHP-017099,2026-05-19,Late delivery refusal,225.08
RET-00584,SHP-000608,2023-03-17,Damaged in transit,13113.12
RET-00585,SHP-005017,2024-01-09,Wrong item,64291.67
RET-00586,SHP-012188,2025-06-03,Quality issue,862.41
RET-00587,SHP-014473,2025-11-19,Damaged in transit,1047.18
RET-00588,SHP-015550,2026-01-15,Quality issue,50873.65
RET-00589,SHP-005113,2024-01-24,Wrong item,1319.76
RET-00590,SHP-004567,2023-12-16,Late delivery refusal,952.53
RET-00591,SHP-010083,2025-01-05,Damaged in transit,839.47
RET-00592,SHP-001724,2023-05-29,Wrong item,2646.43
RET-00593,SHP-009902,2024-12-15,Late delivery refusal,6817.6
RET-00594,SHP-017883,2026-07-10,Damaged in transit,1105.43
RET-00595,SHP-016344,2026-03-25,Wrong item,3098.24
RET-00596,SHP-008004,2024-08-21,Damaged in transit,1649.26
RET-00597,SHP-014016,2025-10-26,Quality issue,1497.49
RET-00598,SHP-012042,2025-05-19,Damaged in transit,1591.58
RET-00599,SHP-006883,2024-05-20,Damaged in transit,3751.1
RET-00600,SHP-012677,2025-07-12,Late delivery refusal,9182.06
RET-00601,SHP-001863,2023-06-09,Late delivery refusal,599.95
RET-00602,SHP-007801,2024-07-25,Quality issue,60640.34
RET-00603,SHP-015936,2026-02-14,Late delivery refusal,994.36
RET-00604,SHP-006172,2024-04-01,Wrong item,9190.53
RET-00605,SHP-017840,2026-07-16,Late delivery refusal,58856.99
RET-00606,SHP-007560,2024-07-08,Late delivery refusal,11476.54
RET-00607,SHP-005133,2024-01-04,Damaged in transit,917.31
RET-00608,SHP-006868,2024-05-22,Wrong item,3111.77
RET-00609,SHP-010823,2025-02-20,Quality issue,662.46
RET-00610,SHP-012761,2025-07-14,Late delivery refusal,287.15
RET-00611,SHP-012862,2025-07-24,Customer changed mind,2518.69
RET-00612,SHP-010430,2025-01-11,Wrong item,1847.93
RET-00613,SHP-008776,2024-10-10,Late delivery refusal,622.87
RET-00614,SHP-013518,2025-09-08,Damaged in transit,1001.32
RET-00615,SHP-011398,2025-04-13,Customer changed mind,603.43
RET-00616,SHP-014518,2025-12-01,Late delivery refusal,1436.76
RET-00617,SHP-001259,2023-04-27,Late delivery refusal,7547.08
RET-00618,SHP-007712,2024-07-23,Late delivery refusal,13662.23
RET-00619,SHP-001541,2023-05-20,Customer changed mind,12783.51
RET-00620,SHP-009278,2024-11-19,Wrong item,343.72
RET-00621,SHP-010728,2025-02-27,Wrong item,8146.78
RET-00622,SHP-005627,2024-02-18,Late delivery refusal,48997.54
RET-00623,SHP-003512,2023-10-13,Quality issue,2010.35
RET-00624,SHP-011472,2025-04-08,Customer changed mind,3064.54
RET-00625,SHP-000193,2023-01-31,Damaged in transit,1117.7
RET-00626,SHP-015344,2025-12-30,Customer changed mind,2093.95
RET-00627,SHP-007875,2024-08-04,Customer changed mind,54843.33
RET-00628,SHP-008469,2024-09-22,Customer changed mind,801.42
RET-00629,SHP-009327,2024-11-22,Wrong item,22653.68
RET-00630,SHP-010967,2025-03-07,Customer changed mind,859.29
RET-00631,SHP-011932,2025-05-20,Quality issue,32762.56
RET-00632,SHP-010589,2025-01-24,Wrong item,35869.09
RET-00633,SHP-010344,2025-01-20,Quality issue,793.91
RET-00634,SHP-014150,2025-11-02,Wrong item,705.16
RET-00635,SHP-007250,2024-06-19,Quality issue,171699.25
RET-00636,SHP-009114,2024-11-10,Customer changed mind,115907.56
RET-00637,SHP-010573,2025-01-21,Customer changed mind,687.75
RET-00638,SHP-005084,2024-01-08,Wrong item,5691.32
RET-00639,SHP-016984,2026-05-11,Late delivery refusal,458.76
RET-00640,SHP-012847,2025-07-25,Wrong item,667.88
RET-00641,SHP-014388,2025-11-23,Quality issue,956.42
RET-00642,SHP-007807,2024-08-05,Customer changed mind,1057.95
RET-00643,SHP-005498,2024-02-11,Damaged in transit,324.28
RET-00644,SHP-001558,2023-05-29,Quality issue,1646.44
RET-00645,SHP-016435,2026-03-31,Late delivery refusal,31855.83
RET-00646,SHP-006964,2024-06-02,Quality issue,4104.79
RET-00647,SHP-002684,2023-08-05,Late delivery refusal,35935.7
RET-00648,SHP-007055,2024-06-01,Damaged in transit,55238.79
RET-00649,SHP-000744,2023-03-26,Late delivery refusal,513.95
RET-00650,SHP-004178,2023-11-21,Late delivery refusal,173141.14
RET-00651,SHP-005315,2024-01-24,Damaged in transit,1197.3
RET-00652,SHP-006557,2024-04-27,Late delivery refusal,6723.84
RET-00653,SHP-005668,2024-02-28,Customer changed mind,1171.87
RET-00654,SHP-002664,2023-08-16,Quality issue,13611.45
RET-00655,SHP-005990,2024-03-14,Customer changed mind,654.38
RET-00656,SHP-007961,2024-08-17,Quality issue,2555.45
RET-00657,SHP-014007,2025-10-20,Customer changed mind,206.19
RET-00658,SHP-013781,2025-10-21,Late delivery refusal,340.54
RET-00659,SHP-014153,2025-11-05,Damaged in transit,405.38
RET-00660,SHP-011703,2025-04-28,Late delivery refusal,975.79
RET-00661,SHP-002623,2023-08-11,Damaged in transit,1193.93
RET-00662,SHP-016155,2026-02-27,Quality issue,41737.13
RET-00663,SHP-014157,2025-11-05,Wrong item,372474.11
RET-00664,SHP-000466,2023-02-23,Customer changed mind,1018.05
RET-00665,SHP-012850,2025-07-21,Quality issue,1764.0
RET-00666,SHP-002463,2023-08-02,Wrong item,112414.22
RET-00667,SHP-013822,2025-10-08,Late delivery refusal,814.98
RET-00668,SHP-011919,2025-05-23,Damaged in transit,1192.23
RET-00669,SHP-001967,2023-06-22,Late delivery refusal,33169.82
RET-00670,SHP-013605,2025-09-29,Quality issue,26081.59
RET-00671,SHP-012483,2025-06-22,Damaged in transit,23409.22
RET-00672,SHP-011489,2025-04-14,Late delivery refusal,9304.43
RET-00673,SHP-015285,2025-12-31,Late delivery refusal,2788.95
RET-00674,SHP-012160,2025-05-30,Damaged in transit,8581.13
RET-00675,SHP-011437,2025-04-09,Quality issue,352.94
RET-00676,SHP-009511,2024-12-05,Wrong item,529.84
RET-00677,SHP-005508,2024-02-13,Late delivery refusal,1126.17
RET-00678,SHP-000813,2023-03-25,Late delivery refusal,7813.87
RET-00679,SHP-001027,2023-04-29,Wrong item,902.14
RET-00680,SHP-010674,2025-01-28,Customer changed mind,559.37
RET-00681,SHP-007900,2024-08-09,Customer changed mind,43008.8
RET-00682,SHP-010383,2025-01-19,Late delivery refusal,6442.25
RET-00683,SHP-010873,2025-02-14,Late delivery refusal,986.23
RET-00684,SHP-010986,2025-03-06,Customer changed mind,3663.77
RET-00685,SHP-000973,2023-04-03,Customer changed mind,87050.69
RET-00686,SHP-012193,2025-06-12,Late delivery refusal,10821.59
RET-00687,SHP-010373,2025-01-17,Wrong item,1900.73
RET-00688,SHP-002903,2023-08-24,Damaged in transit,2012.67
RET-00689,SHP-001274,2023-05-04,Late delivery refusal,16476.68
RET-00690,SHP-008962,2024-11-03,Late delivery refusal,520.87
RET-00691,SHP-002320,2023-07-31,Customer changed mind,774.38
RET-00692,SHP-016140,2026-03-06,Damaged in transit,942.55
RET-00693,SHP-018144,2026-08-06,Customer changed mind,1230.24
RET-00694,SHP-016718,2026-04-22,Quality issue,1105.17
RET-00695,SHP-013643,2025-09-25,Damaged in transit,1574.78
RET-00696,SHP-000623,2023-03-15,Customer changed mind,2517.3
RET-00697,SHP-003263,2023-10-01,Quality issue,1057.67
RET-00698,SHP-013895,2025-10-10,Quality issue,10512.54
RET-00699,SHP-017082,2026-06-07,Wrong item,1103.1
RET-00700,SHP-016106,2026-02-25,Customer changed mind,40013.3
RET-00701,SHP-010892,2025-02-28,Late delivery refusal,122.65
RET-00702,SHP-018203,2026-08-04,Wrong item,73.62
RET-00703,SHP-015868,2026-02-04,Quality issue,2357.94
RET-00704,SHP-004633,2023-12-20,Quality issue,27678.22
RET-00705,SHP-004057,2023-11-15,Damaged in transit,442.15
RET-00706,SHP-008939,2024-10-22,Late delivery refusal,11870.97
RET-00707,SHP-002633,2023-08-15,Customer changed mind,4136.22
RET-00708,SHP-012563,2025-07-05,Quality issue,66566.86
RET-00709,SHP-012613,2025-07-01,Customer changed mind,3650.93
RET-00710,SHP-013407,2025-09-10,Quality issue,79981.1
RET-00711,SHP-000618,2023-03-14,Wrong item,26806.28
RET-00712,SHP-013528,2025-09-18,Damaged in transit,1359.3
RET-00713,SHP-000111,2023-01-30,Late delivery refusal,242.07
RET-00714,SHP-011212,2025-03-29,Customer changed mind,341.02
RET-00715,SHP-000988,2023-04-14,Wrong item,1355.52
RET-00716,SHP-017676,2026-07-02,Wrong item,321.06
RET-00717,SHP-007786,2024-08-05,Customer changed mind,6544.43
RET-00718,SHP-005797,2024-03-03,Wrong item,791.41
RET-00719,SHP-017028,2026-05-13,Damaged in transit,1175.77
RET-00720,SHP-018149,2026-07-29,Late delivery refusal,6634.41
RET-00721,SHP-018383,2026-08-26,Damaged in transit,3097.94
RET-00722,SHP-001988,2023-06-29,Quality issue,1393.11
RET-00723,SHP-002089,2023-06-26,Late delivery refusal,3565.51
RET-00724,SHP-017656,2026-07-02,Wrong item,1278.34
RET-00725,SHP-009607,2024-12-01,Quality issue,1775.35
RET-00726,SHP-015969,2026-02-20,Damaged in transit,820.75
RET-00727,SHP-010526,2025-01-27,Customer changed mind,391.31
RET-00728,SHP-002483,2023-07-26,Quality issue,15582.03
RET-00729,SHP-011861,2025-05-10,Wrong item,199.27
RET-00730,SHP-000982,2023-04-01,Customer changed mind,66403.35
RET-00731,SHP-018311,2026-08-15,Wrong item,4000.78
RET-00732,SHP-016947,2026-05-01,Quality issue,2663.52
RET-00733,SHP-001413,2023-05-14,Quality issue,410.25
RET-00734,SHP-007252,2024-06-15,Damaged in transit,2921.69
RET-00735,SHP-018045,2026-07-29,Customer changed mind,883.42
RET-00736,SHP-016049,2026-03-06,Late delivery refusal,252.51
RET-00737,SHP-017087,2026-06-10,Damaged in transit,3923.55
RET-00738,SHP-015489,2026-01-11,Customer changed mind,3325.45
RET-00739,SHP-016892,2026-05-10,Customer changed mind,80225.81
RET-00740,SHP-009846,2024-12-29,Customer changed mind,397.55
RET-00741,SHP-017015,2026-05-13,Wrong item,30447.74
RET-00742,SHP-002197,2023-07-05,Late delivery refusal,1322.16
RET-00743,SHP-004900,2023-12-24,Wrong item,2304.76
RET-00744,SHP-002503,2023-08-02,Customer changed mind,14509.6
RET-00745,SHP-012907,2025-07-23,Late delivery refusal,57480.32
RET-00746,SHP-006953,2024-06-04,Customer changed mind,518.06
RET-00747,SHP-004995,2024-01-02,Customer changed mind,331.28
RET-00748,SHP-008890,2024-10-25,Late delivery refusal,2561.81
RET-00749,SHP-002843,2023-08-25,Quality issue,427.9
RET-00750,SHP-007715,2024-07-20,Damaged in transit,22499.15
RET-00751,SHP-012232,2025-06-19,Damaged in transit,330.68
RET-00752,SHP-016053,2026-03-02,Quality issue,3497.5
RET-00753,SHP-002410,2023-07-19,Quality issue,11550.07
RET-00754,SHP-005495,2024-02-08,Quality issue,617.65
RET-00755,SHP-011713,2025-04-27,Late delivery refusal,275.56
RET-00756,SHP-012142,2025-05-30,Late delivery refusal,4466.78
RET-00757,SHP-003828,2023-10-22,Damaged in transit,63253.3
RET-00758,SHP-008648,2024-10-09,Late delivery refusal,1107.44
RET-00759,SHP-004032,2023-11-12,Damaged in transit,6032.64
RET-00760,SHP-004287,2023-11-29,Customer changed mind,19992.81
RET-00761,SHP-015318,2025-12-31,Quality issue,1125.38
RET-00762,SHP-003567,2023-10-19,Late delivery refusal,3896.85
RET-00763,SHP-015775,2026-01-24,Damaged in transit,2068.16
RET-00764,SHP-015348,2026-01-02,Quality issue,165.17
RET-00765,SHP-013871,2025-10-08,Late delivery refusal,3910.67
RET-00766,SHP-010734,2025-02-03,Damaged in transit,3949.74
RET-00767,SHP-004724,2023-12-24,Wrong item,20095.22
RET-00768,SHP-007742,2024-07-31,Damaged in transit,706.49
RET-00769,SHP-010428,2025-01-19,Wrong item,255.11
RET-00770,SHP-002296,2023-07-12,Customer changed mind,998.07
RET-00771,SHP-006535,2024-04-28,Quality issue,14534.63
RET-00772,SHP-005102,2024-01-02,Damaged in transit,3065.3
RET-00773,SHP-001840,2023-06-07,Damaged in transit,101133.78
RET-00774,SHP-005351,2024-02-10,Quality issue,2636.43
RET-00775,SHP-011557,2025-04-28,Late delivery refusal,25866.49
RET-00776,SHP-006481,2024-04-28,Wrong item,11505.35
RET-00777,SHP-003661,2023-10-11,Damaged in transit,20236.08
RET-00778,SHP-011930,2025-05-22,Late delivery refusal,961.79
RET-00779,SHP-015779,2026-01-28,Wrong item,1175.63
RET-00780,SHP-009132,2024-11-05,Customer changed mind,2071.94
RET-00781,SHP-018487,2026-08-24,Quality issue,9337.83
RET-00782,SHP-017434,2026-06-23,Quality issue,643.92
RET-00783,SHP-014347,2025-11-07,Wrong item,49130.1
RET-00784,SHP-016819,2026-04-25,Wrong item,130364.08
RET-00785,SHP-002549,2023-08-02,Wrong item,2091.51
RET-00786,SHP-007051,2024-06-13,Damaged in transit,8623.13
RET-00787,SHP-004902,2024-01-19,Customer changed mind,4585.53
RET-00788,SHP-010273,2025-01-08,Quality issue,2892.83
RET-00789,SHP-013427,2025-09-13,Late delivery refusal,739.74
RET-00790,SHP-000862,2023-04-03,Late delivery refusal,2846.19
RET-00791,SHP-004747,2023-12-25,Quality issue,3993.58
RET-00792,SHP-013061,2025-08-22,Quality issue,863.36
RET-00793,SHP-015652,2026-01-17,Wrong item,1869.34
RET-00794,SHP-018095,2026-07-27,Customer changed mind,2104.34
RET-00795,SHP-016689,2026-04-16,Quality issue,8128.97
RET-00796,SHP-010107,2024-12-26,Late delivery refusal,741.16
RET-00797,SHP-015314,2025-12-21,Damaged in transit,245589.95
RET-00798,SHP-013968,2025-11-10,Damaged in transit,3720.34
RET-00799,SHP-015812,2026-02-01,Quality issue,16732.75
RET-00800,SHP-000992,2023-04-05,Customer changed mind,281.35
RET-00801,SHP-005699,2024-02-21,Quality issue,28237.91
RET-00802,SHP-017805,2026-07-02,Customer changed mind,327.06
RET-00803,SHP-014022,2025-10-27,Late delivery refusal,513.2
RET-00804,SHP-015832,2026-01-26,Late delivery refusal,525.05
RET-00805,SHP-007654,2024-07-30,Damaged in transit,628.24
RET-00806,SHP-013245,2025-08-21,Damaged in transit,3872.71
RET-00807,SHP-014697,2025-11-26,Quality issue,1766.0
RET-00808,SHP-002731,2023-08-12,Damaged in transit,1757.91
RET-00809,SHP-002090,2023-07-05,Wrong item,15517.48
RET-00810,SHP-002065,2023-07-14,Wrong item,1054.47
RET-00811,SHP-006832,2024-05-24,Quality issue,756.44
RET-00812,SHP-003910,2023-11-05,Late delivery refusal,632.95
RET-00813,SHP-005313,2024-01-18,Quality issue,137.21
RET-00814,SHP-005260,2024-01-11,Late delivery refusal,439.15
RET-00815,SHP-005524,2024-02-03,Damaged in transit,1811.23
RET-00816,SHP-015950,2026-02-13,Wrong item,342.19
RET-00817,SHP-008327,2024-09-08,Damaged in transit,60574.0
RET-00818,SHP-016585,2026-04-14,Damaged in transit,1320.46
RET-00819,SHP-011532,2025-04-16,Wrong item,152.76
RET-00820,SHP-008142,2024-08-28,Damaged in transit,1615.65
RET-00821,SHP-017685,2026-06-29,Damaged in transit,12674.5
RET-00822,SHP-010851,2025-03-03,Late delivery refusal,2753.95
RET-00823,SHP-015063,2025-12-28,Quality issue,263.21
RET-00824,SHP-006562,2024-05-08,Late delivery refusal,10092.79
RET-00825,SHP-016312,2026-04-02,Quality issue,700.19
